html_url,title,user,comments,created_at,body
https://github.com/project/issue/1,Security vulnerability,user4,5,2022-12-22T18:52:23.777919,This is a mock description for the issue titled 'Security vulnerability'.
https://github.com/project/issue/2,Error in page rendering,user5,9,2023-09-05T18:52:23.777950,This is a mock description for the issue titled 'Error in page rendering'.
https://github.com/project/issue/3,Error in page rendering,user5,10,2023-06-30T18:52:23.777962,This is a mock description for the issue titled 'Error in page rendering'.
https://github.com/project/issue/4,Error in page rendering,user5,10,2023-08-09T18:52:23.777973,This is a mock description for the issue titled 'Error in page rendering'.
https://github.com/project/issue/5,UI improvement suggestion,user2,7,2023-02-05T18:52:23.777984,This is a mock description for the issue titled 'UI improvement suggestion'.
https://github.com/project/issue/6,Issue with login,user1,5,2023-03-21T18:52:23.777995,This is a mock description for the issue titled 'Issue with login'.
https://github.com/project/issue/7,Documentation update needed,user4,7,2023-11-18T18:52:23.778005,This is a mock description for the issue titled 'Documentation update needed'.
https://github.com/project/issue/8,New feature implementation,user2,3,2023-02-01T18:52:23.778016,This is a mock description for the issue titled 'New feature implementation'.
https://github.com/project/issue/9,Issue with login,user5,4,2023-10-27T18:52:23.778026,This is a mock description for the issue titled 'Issue with login'.
https://github.com/project/issue/10,Bug in API call,user4,5,2023-12-01T18:52:23.778036,This is a mock description for the issue titled 'Bug in API call'.
